"N","log_10(S)","gain"
4,5,3.11159982e+01
8,5,2.65403854e+01
16,5,2.16707555e+01
32,5,2.02774201e+01
64,5,1.97408886e+01
128,5,1.67316093e+01
256,5,1.41754165e+01
